{"cameraMode":{"drawMode":0,"name":"Shaded","section":"Shading Mode"},"sceneLighting":true,"audioPlay":false,"sceneViewState":{"m_AlwaysRefresh":false,"showFog":true,"showSkybox":true,"showFlares":true,"showImageEffects":true,"showParticleSystems":true,"showVisualEffectGraphs":true,"m_FxEnabled":true},"in2DMode":false,"pivot":{"x":-4.108065605163574,"y":8.832385063171387,"z":2.4746429920196535},"rotation":{"x":-0.27682411670684817,"y":-0.013274780474603176,"z":0.0037865852937102319,"w":-0.9608626961708069},"size":12.232611656188965,"orthographic":true}