{"cameraMode":{"drawMode":0,"name":"Shaded","section":"Shading Mode"},"sceneLighting":false,"audioPlay":false,"sceneViewState":{"m_AlwaysRefresh":false,"showFog":true,"showSkybox":false,"showFlares":true,"showImageEffects":true,"showParticleSystems":true,"showVisualEffectGraphs":true,"m_FxEnabled":true},"in2DMode":false,"pivot":{"x":-1.6870269775390626,"y":3.2031137943267824,"z":-5.336763381958008},"rotation":{"x":0.22944894433021546,"y":0.08891427516937256,"z":-0.021053165197372438,"w":0.9690275192260742},"size":2.0847251415252687,"orthographic":true}