{"cameraMode":{"drawMode":0,"name":"Shaded","section":"Shading Mode"},"sceneLighting":false,"audioPlay":false,"sceneViewState":{"m_AlwaysRefresh":false,"showFog":true,"showSkybox":false,"showFlares":true,"showImageEffects":true,"showParticleSystems":true,"showVisualEffectGraphs":true,"m_FxEnabled":true},"in2DMode":false,"pivot":{"x":1.4599294662475587,"y":2.0467069149017336,"z":-1.4842047691345215},"rotation":{"x":0.022344311699271203,"y":-0.33188891410827639,"z":-0.007865507155656815,"w":-0.9430258274078369},"size":3.61582088470459,"orthographic":false}