{"cameraMode":{"drawMode":0,"name":"Shaded","section":"Shading Mode"},"sceneLighting":true,"audioPlay":false,"sceneViewState":{"m_AlwaysRefresh":false,"showFog":true,"showSkybox":true,"showFlares":true,"showImageEffects":true,"showParticleSystems":true,"showVisualEffectGraphs":true,"m_FxEnabled":true},"in2DMode":false,"pivot":{"x":-0.3828936815261841,"y":0.28586769104003909,"z":15.366081237792969},"rotation":{"x":-0.008137892000377179,"y":0.9706974625587463,"z":-0.2378644049167633,"w":-0.03320988267660141},"size":1.58653724193573,"orthographic":false}