{"cameraMode":{"drawMode":0,"name":"Shaded","section":"Shading Mode"},"sceneLighting":false,"audioPlay":false,"sceneViewState":{"m_AlwaysRefresh":false,"showFog":true,"showSkybox":false,"showFlares":true,"showImageEffects":true,"showParticleSystems":true,"showVisualEffectGraphs":true,"m_FxEnabled":true},"in2DMode":false,"pivot":{"x":-2.4543070793151857,"y":-1.8195562362670899,"z":9.950346946716309},"rotation":{"x":0.16507744789123536,"y":0.29670342803001406,"z":-0.05218126252293587,"w":0.9391768574714661},"size":0.8660253882408142,"orthographic":true}