{"cameraMode":{"drawMode":0,"name":"Shaded","section":"Shading Mode"},"sceneLighting":true,"audioPlay":false,"sceneViewState":{"m_AlwaysRefresh":false,"showFog":true,"showSkybox":true,"showFlares":true,"showImageEffects":true,"showParticleSystems":true,"showVisualEffectGraphs":true,"m_FxEnabled":true},"in2DMode":false,"pivot":{"x":-1.0770206451416016,"y":0.8234298229217529,"z":13.380910873413086},"rotation":{"x":-0.036724332720041278,"y":-0.9577147960662842,"z":0.14211025834083558,"w":-0.24749840795993806},"size":4.201441764831543,"orthographic":false}