{"cameraMode":{"drawMode":0,"name":"Shaded","section":"Shading Mode"},"sceneLighting":false,"audioPlay":false,"sceneViewState":{"m_AlwaysRefresh":false,"showFog":true,"showSkybox":false,"showFlares":true,"showImageEffects":true,"showParticleSystems":true,"showVisualEffectGraphs":true,"m_FxEnabled":true},"in2DMode":false,"pivot":{"x":-1.2499842643737794,"y":-0.006137847900390625,"z":-0.0013468265533447266},"rotation":{"x":0.26961737871170046,"y":-0.006355906371027231,"z":0.0017848662100732327,"w":0.9629473686218262},"size":3.15564227104187,"orthographic":true}