{"cameraMode":{"drawMode":0,"name":"Shaded","section":"Shading Mode"},"sceneLighting":false,"audioPlay":false,"sceneViewState":{"m_AlwaysRefresh":false,"showFog":true,"showSkybox":false,"showFlares":true,"showImageEffects":true,"showParticleSystems":true,"showVisualEffectGraphs":true,"m_FxEnabled":true},"in2DMode":false,"pivot":{"x":0.48685532808303835,"y":-1.2621076107025147,"z":10.08214282989502},"rotation":{"x":0.09584848582744599,"y":-0.011050271801650525,"z":0.0010681354906409979,"w":0.9953413605690002},"size":6.934690952301025,"orthographic":true}