{"cameraMode":{"drawMode":0,"name":"Shaded","section":"Shading Mode"},"sceneLighting":false,"audioPlay":false,"sceneViewState":{"m_AlwaysRefresh":false,"showFog":true,"showSkybox":false,"showFlares":true,"showImageEffects":true,"showParticleSystems":true,"showVisualEffectGraphs":true,"m_FxEnabled":true},"in2DMode":false,"pivot":{"x":0.028255373239517213,"y":0.14921854436397553,"z":0.08287248015403748},"rotation":{"x":0.12159689515829086,"y":0.480318158864975,"z":-0.06744185090065003,"w":0.865999162197113},"size":1.8183716535568238,"orthographic":true}