{"cameraMode":{"drawMode":0,"name":"Shaded","section":"Shading Mode"},"sceneLighting":false,"audioPlay":false,"sceneViewState":{"m_AlwaysRefresh":false,"showFog":true,"showSkybox":false,"showFlares":true,"showImageEffects":true,"showParticleSystems":true,"showVisualEffectGraphs":true,"m_FxEnabled":true},"in2DMode":false,"pivot":{"x":-0.10270057618618012,"y":0.48466306924819949,"z":-0.11358785629272461},"rotation":{"x":0.08125151693820954,"y":0.2484627366065979,"z":-0.020919814705848695,"w":0.965003490447998},"size":1.1785409450531006,"orthographic":true}