{"cameraMode":{"drawMode":0,"name":"Shaded","section":"Shading Mode"},"sceneLighting":true,"audioPlay":false,"sceneViewState":{"m_AlwaysRefresh":false,"showFog":true,"showSkybox":true,"showFlares":true,"showImageEffects":true,"showParticleSystems":true,"showVisualEffectGraphs":true,"m_FxEnabled":true},"in2DMode":false,"pivot":{"x":-2.241448402404785,"y":0.3271946907043457,"z":4.438875198364258},"rotation":{"x":-0.2670210301876068,"y":0.0078030903823673729,"z":-0.0021621990017592909,"w":-0.963657021522522},"size":7.244753360748291,"orthographic":false}