{"cameraMode":{"drawMode":0,"name":"Shaded","section":"Shading Mode"},"sceneLighting":false,"audioPlay":false,"sceneViewState":{"m_AlwaysRefresh":false,"showFog":true,"showSkybox":false,"showFlares":true,"showImageEffects":true,"showParticleSystems":true,"showVisualEffectGraphs":true,"m_FxEnabled":true},"in2DMode":false,"pivot":{"x":-0.35585618019104006,"y":1.342393398284912,"z":0.4894552230834961},"rotation":{"x":0.1493772715330124,"y":-0.028770506381988527,"z":0.004351271316409111,"w":0.9883617162704468},"size":2.2303595542907717,"orthographic":true}